<metadata xml:lang="en"><Esri><CreaDate>20231130</CreaDate><CreaTime>16380700</CreaTime><ArcGISFormat>1.0</ArcGISFormat><SyncOnce>FALSE</SyncOnce><DataProperties><itemProps><itemName Sync="TRUE">NPI2</itemName><imsContentType Sync="TRUE">002</imsContentType><itemLocation><linkage Sync="TRUE">file://\\GEO-008953\E$\Radar\images\NPI2.shp</linkage><protocol Sync="TRUE">Local Area Network</protocol></itemLocation><itemSize Sync="TRUE">0.000</itemSize></itemProps><coordRef><type Sync="TRUE">Projected</type><geogcsn Sync="TRUE">GCS_WGS_1984</geogcsn><csUnits Sync="TRUE">Linear Unit: Meter (1.000000)</csUnits><projcsn Sync="TRUE">South America Lambert Azimuthal Equal Area LJ</projcsn><peXml Sync="TRUE">&lt;ProjectedCoordinateSystem xsi:type='typens:ProjectedCoordinateSystem' xmlns:xsi='http://www.w3.org/2001/XMLSchema-instance' xmlns:xs='http://www.w3.org/2001/XMLSchema' xmlns:typens='http://www.esri.com/schemas/ArcGIS/3.1.0'&gt;&lt;WKT&gt;PROJCS[&amp;quot;South America Lambert Azimuthal Equal Area LJ&amp;quot;,GEOGCS[&amp;quot;GCS_WGS_1984&amp;quot;,DATUM[&amp;quot;D_WGS_1984&amp;quot;,SPHEROID[&amp;quot;WGS_1984&amp;quot;,6378137.0,298.257223563]],PRIMEM[&amp;quot;Greenwich&amp;quot;,0.0],UNIT[&amp;quot;Degree&amp;quot;,0.0174532925199433]],PROJECTION[&amp;quot;Lambert_Azimuthal_Equal_Area&amp;quot;],PARAMETER[&amp;quot;False_Easting&amp;quot;,0.0],PARAMETER[&amp;quot;False_Northing&amp;quot;,0.0],PARAMETER[&amp;quot;Central_Meridian&amp;quot;,-57.5],PARAMETER[&amp;quot;Latitude_Of_Origin&amp;quot;,-21.5],UNIT[&amp;quot;Meter&amp;quot;,1.0]]&lt;/WKT&gt;&lt;XOrigin&gt;-12754500&lt;/XOrigin&gt;&lt;YOrigin&gt;-12729800&lt;/YOrigin&gt;&lt;XYScale&gt;353098877.05284369&lt;/XYScale&gt;&lt;ZOrigin&gt;-100000&lt;/ZOrigin&gt;&lt;ZScale&gt;10000&lt;/ZScale&gt;&lt;MOrigin&gt;-100000&lt;/MOrigin&gt;&lt;MScale&gt;10000&lt;/MScale&gt;&lt;XYTolerance&gt;0.001&lt;/XYTolerance&gt;&lt;ZTolerance&gt;0.001&lt;/ZTolerance&gt;&lt;MTolerance&gt;0.001&lt;/MTolerance&gt;&lt;HighPrecision&gt;true&lt;/HighPrecision&gt;&lt;/ProjectedCoordinateSystem&gt;</peXml></coordRef><lineage><Process ToolSource="c:\myarcgispro\Resources\ArcToolbox\toolboxes\Conversion Tools.tbx\ExportFeatures" Date="20231130" Time="153004">ExportFeatures Glaciers C:\Users\LJordan\AppData\Local\Temp\ArcGISProTemp24512\Untitled\Default.gdb\Glaciers_ExportFeatures # NOT_USE_ALIAS "Region "Region" true true false 50 Text 0 0,First,#,Glaciers,Region,0,50;Source "Source" true true false 50 Text 0 0,First,#,Glaciers,Source,0,50;Primary_cl "Primary_cl" true true false 50 Text 0 0,First,#,Glaciers,Primary_cl,0,50;area_km2 "area_km2" true true false 0 Double 0 0,First,#,Glaciers,area_km2,-1,-1;LOCAL_ID "LOCAL_ID" true true false 50 Text 0 0,First,#,Glaciers,LOCAL_ID,0,50;SRC_DATE "SRC_DATE" true true false 50 Text 0 0,First,#,Glaciers,SRC_DATE,0,50;ANLST_SURN "ANLST_SURN" true true false 50 Text 0 0,First,#,Glaciers,ANLST_SURN,0,50;ANLST_GIVM "ANLST_GIVM" true true false 50 Text 0 0,First,#,Glaciers,ANLST_GIVM,0,50;GLAC_NAME "GLAC_NAME" true true false 50 Text 0 0,First,#,Glaciers,GLAC_NAME,0,50;X_Centroid "X_Centroid" true true false 0 Double 0 0,First,#,Glaciers,X_Centroid,-1,-1;Y_centroid "Y_centroid" true true false 0 Double 0 0,First,#,Glaciers,Y_centroid,-1,-1;ANLYS_TIME "ANLYS_TIME" true true false 50 Text 0 0,First,#,Glaciers,ANLYS_TIME,0,50;GLIMS_ID "GLIMS_ID" true true false 50 Text 0 0,First,#,Glaciers,GLIMS_ID,0,50;Image_ID "Image_ID" true true false 50 Text 0 0,First,#,Glaciers,Image_ID,0,50;Volume_km3 "Volume_km3" true true false 0 Double 0 0,First,#,Glaciers,Volume_km3,-1,-1;Volume_Gt "Volume_Gt" true true false 0 Double 0 0,First,#,Glaciers,Volume_Gt,-1,-1;SLE_mm "SLE_mm" true true false 0 Double 0 0,First,#,Glaciers,SLE_mm,-1,-1;Type "Type" true true false 50 Text 0 0,First,#,Glaciers,Type,0,50;Description "Description" true true false 256 Text 0 0,First,#,Glaciers,Description,0,256" #</Process><Process ToolSource="c:\myarcgispro\Resources\ArcToolbox\toolboxes\Conversion Tools.tbx\ExportFeatures" Date="20231130" Time="153710">ExportFeatures Z:\Personal\ljordan\ljordan\Default.gdb\Glaciers_ExportFeatures Z:\Personal\ljordan\glaciers.shp # NOT_USE_ALIAS "Region "Region" true true false 50 Text 0 0,First,#,Z:\Personal\ljordan\ljordan\Default.gdb\Glaciers_ExportFeatures,Region,0,50;Source "Source" true true false 50 Text 0 0,First,#,Z:\Personal\ljordan\ljordan\Default.gdb\Glaciers_ExportFeatures,Source,0,50;Primary_cl "Primary_cl" true true false 50 Text 0 0,First,#,Z:\Personal\ljordan\ljordan\Default.gdb\Glaciers_ExportFeatures,Primary_cl,0,50;area_km2 "area_km2" true true false 8 Double 0 0,First,#,Z:\Personal\ljordan\ljordan\Default.gdb\Glaciers_ExportFeatures,area_km2,-1,-1;LOCAL_ID "LOCAL_ID" true true false 50 Text 0 0,First,#,Z:\Personal\ljordan\ljordan\Default.gdb\Glaciers_ExportFeatures,LOCAL_ID,0,50;SRC_DATE "SRC_DATE" true true false 50 Text 0 0,First,#,Z:\Personal\ljordan\ljordan\Default.gdb\Glaciers_ExportFeatures,SRC_DATE,0,50;ANLST_SURN "ANLST_SURN" true true false 50 Text 0 0,First,#,Z:\Personal\ljordan\ljordan\Default.gdb\Glaciers_ExportFeatures,ANLST_SURN,0,50;ANLST_GIVM "ANLST_GIVM" true true false 50 Text 0 0,First,#,Z:\Personal\ljordan\ljordan\Default.gdb\Glaciers_ExportFeatures,ANLST_GIVM,0,50;GLAC_NAME "GLAC_NAME" true true false 50 Text 0 0,First,#,Z:\Personal\ljordan\ljordan\Default.gdb\Glaciers_ExportFeatures,GLAC_NAME,0,50;X_Centroid "X_Centroid" true true false 8 Double 0 0,First,#,Z:\Personal\ljordan\ljordan\Default.gdb\Glaciers_ExportFeatures,X_Centroid,-1,-1;Y_centroid "Y_centroid" true true false 8 Double 0 0,First,#,Z:\Personal\ljordan\ljordan\Default.gdb\Glaciers_ExportFeatures,Y_centroid,-1,-1;ANLYS_TIME "ANLYS_TIME" true true false 50 Text 0 0,First,#,Z:\Personal\ljordan\ljordan\Default.gdb\Glaciers_ExportFeatures,ANLYS_TIME,0,50;GLIMS_ID "GLIMS_ID" true true false 50 Text 0 0,First,#,Z:\Personal\ljordan\ljordan\Default.gdb\Glaciers_ExportFeatures,GLIMS_ID,0,50;Image_ID "Image_ID" true true false 50 Text 0 0,First,#,Z:\Personal\ljordan\ljordan\Default.gdb\Glaciers_ExportFeatures,Image_ID,0,50;Volume_km3 "Volume_km3" true true false 8 Double 0 0,First,#,Z:\Personal\ljordan\ljordan\Default.gdb\Glaciers_ExportFeatures,Volume_km3,-1,-1;Volume_Gt "Volume_Gt" true true false 8 Double 0 0,First,#,Z:\Personal\ljordan\ljordan\Default.gdb\Glaciers_ExportFeatures,Volume_Gt,-1,-1;SLE_mm "SLE_mm" true true false 8 Double 0 0,First,#,Z:\Personal\ljordan\ljordan\Default.gdb\Glaciers_ExportFeatures,SLE_mm,-1,-1;Type "Type" true true false 50 Text 0 0,First,#,Z:\Personal\ljordan\ljordan\Default.gdb\Glaciers_ExportFeatures,Type,0,50;Description "Description" true true false 256 Text 0 0,First,#,Z:\Personal\ljordan\ljordan\Default.gdb\Glaciers_ExportFeatures,Description,0,256;Shape_Length "Shape_Length" false true true 8 Double 0 0,First,#,Z:\Personal\ljordan\ljordan\Default.gdb\Glaciers_ExportFeatures,Shape_Length,-1,-1;Shape_Area "Shape_Area" false true true 8 Double 0 0,First,#,Z:\Personal\ljordan\ljordan\Default.gdb\Glaciers_ExportFeatures,Shape_Area,-1,-1" #</Process><Process ToolSource="c:\myarcgispro\Resources\ArcToolbox\toolboxes\Data Management Tools.tbx\Project" Date="20231130" Time="163808">Project glaciers Z:\Personal\ljordan\images\glaciers_projected PROJCS["South America Lambert Azimuthal Equal Area LJ",GEOGCS["GCS_WGS_1984",DATUM["D_WGS_1984",SPHEROID["WGS_1984",6378137.0,298.257223563]],PRIMEM["Greenwich",0.0],UNIT["Degree",0.0174532925199433]],PROJECTION["Lambert_Azimuthal_Equal_Area"],PARAMETER["False_Easting",0.0],PARAMETER["False_Northing",0.0],PARAMETER["Central_Meridian",-57.5],PARAMETER["Latitude_Of_Origin",-21.5],UNIT["Meter",1.0]] # PROJCS["WGS_1984_Web_Mercator_Auxiliary_Sphere",GEOGCS["GCS_WGS_1984",DATUM["D_WGS_1984",SPHEROID["WGS_1984",6378137.0,298.257223563]],PRIMEM["Greenwich",0.0],UNIT["Degree",0.0174532925199433]],PROJECTION["Mercator_Auxiliary_Sphere"],PARAMETER["False_Easting",0.0],PARAMETER["False_Northing",0.0],PARAMETER["Central_Meridian",0.0],PARAMETER["Standard_Parallel_1",0.0],PARAMETER["Auxiliary_Sphere_Type",0.0],UNIT["Meter",1.0]] NO_PRESERVE_SHAPE # NO_VERTICAL</Process><Process ToolSource="c:\myarcgispro\Resources\ArcToolbox\toolboxes\Data Management Tools.tbx\Dissolve" Date="20231130" Time="164816">Dissolve glaciers_Projected Z:\Personal\ljordan\ljordan\Default.gdb\glaciers_Projected_Dissolve Region # MULTI_PART DISSOLVE_LINES #</Process><Process ToolSource="c:\myarcgispro\Resources\ArcToolbox\toolboxes\Data Management Tools.tbx\Merge" Date="20231201" Time="220128">Merge glaciers_Projected_Dissolve E:\Radar\images\NPI.shp "Region "Region" true true false 50 Text 0 0,First,#,glaciers_Projected_Dissolve,Region,0,50;Shape_Length "Shape_Length" false true true 8 Double 0 0,First,#,glaciers_Projected_Dissolve,Shape_Length,-1,-1;Shape_Area "Shape_Area" false true true 8 Double 0 0,First,#,glaciers_Projected_Dissolve,Shape_Area,-1,-1" NO_SOURCE_INFO</Process><Process ToolSource="c:\myarcgispro\Resources\ArcToolbox\toolboxes\Data Management Tools.tbx\Dissolve" Date="20231201" Time="225246">Dissolve NPI E:\Radar\images\NPI2.shp FID # MULTI_PART DISSOLVE_LINES #</Process></lineage></DataProperties><SyncDate>20231201</SyncDate><SyncTime>22524600</SyncTime><ModDate>20231201</ModDate><ModTime>22524600</ModTime></Esri><dataIdInfo><envirDesc Sync="TRUE">Microsoft Windows 10 Version 10.0 (Build 19045) ; Esri ArcGIS 13.1.0.41833</envirDesc><dataLang><languageCode value="eng" Sync="TRUE"></languageCode><countryCode value="USA" Sync="TRUE"></countryCode></dataLang><idCitation><resTitle Sync="TRUE">NPI2</resTitle><presForm><PresFormCd value="005" Sync="TRUE"></PresFormCd></presForm></idCitation><spatRpType><SpatRepTypCd value="001" Sync="TRUE"></SpatRepTypCd></spatRpType></dataIdInfo><mdLang><languageCode value="eng" Sync="TRUE"></languageCode><countryCode value="USA" Sync="TRUE"></countryCode></mdLang><mdChar><CharSetCd value="004" Sync="TRUE"></CharSetCd></mdChar><distInfo><distFormat><formatName Sync="TRUE">Shapefile</formatName></distFormat><distTranOps><transSize Sync="TRUE">0.000</transSize></distTranOps></distInfo><mdHrLv><ScopeCd value="005" Sync="TRUE"></ScopeCd></mdHrLv><mdHrLvName Sync="TRUE">dataset</mdHrLvName><refSysInfo><RefSystem><refSysID><identCode code="0" Sync="TRUE"></identCode><idCodeSpace Sync="TRUE">EPSG</idCodeSpace><idVersion Sync="TRUE">6.18.3(9.3.1.2)</idVersion></refSysID></RefSystem></refSysInfo><spatRepInfo><VectSpatRep><geometObjs Name="NPI2"><geoObjTyp><GeoObjTypCd value="002" Sync="TRUE"></GeoObjTypCd></geoObjTyp><geoObjCnt Sync="TRUE">0</geoObjCnt></geometObjs><topLvl><TopoLevCd value="001" Sync="TRUE"></TopoLevCd></topLvl></VectSpatRep></spatRepInfo><spdoinfo><ptvctinf><esriterm Name="NPI2"><efeatyp Sync="TRUE">Simple</efeatyp><efeageom code="4" Sync="TRUE"></efeageom><esritopo Sync="TRUE">FALSE</esritopo><efeacnt Sync="TRUE">0</efeacnt><spindex Sync="TRUE">FALSE</spindex><linrefer Sync="TRUE">FALSE</linrefer></esriterm></ptvctinf></spdoinfo><eainfo><detailed Name="NPI2"><enttyp><enttypl Sync="TRUE">NPI2</enttypl><enttypt Sync="TRUE">Feature Class</enttypt><enttypc Sync="TRUE">0</enttypc></enttyp><attr><attrlabl Sync="TRUE">FID</attrlabl><attalias Sync="TRUE">FID</attalias><attrtype Sync="TRUE">OID</attrtype><attwidth Sync="TRUE">4</attwidth><atprecis Sync="TRUE">0</atprecis><attscale Sync="TRUE">0</attscale><attrdef Sync="TRUE">Internal feature number.</attrdef><attrdefs Sync="TRUE">Esri</attrdefs><attrdomv><udom Sync="TRUE">Sequential unique whole numbers that are automatically generated.</udom></attrdomv></attr><attr><attrlabl Sync="TRUE">Shape</attrlabl><attalias Sync="TRUE">Shape</attalias><attrtype Sync="TRUE">Geometry</attrtype><attwidth Sync="TRUE">0</attwidth><atprecis Sync="TRUE">0</atprecis><attscale Sync="TRUE">0</attscale><attrdef Sync="TRUE">Feature geometry.</attrdef><attrdefs Sync="TRUE">Esri</attrdefs><attrdomv><udom Sync="TRUE">Coordinates defining the features.</udom></attrdomv></attr><attr><attrlabl Sync="TRUE">Id</attrlabl><attalias Sync="TRUE">Id</attalias><attrtype Sync="TRUE">Integer</attrtype><attwidth Sync="TRUE">6</attwidth><atprecis Sync="TRUE">6</atprecis><attscale Sync="TRUE">0</attscale></attr></detailed></eainfo><mdDateSt Sync="TRUE">20231201</mdDateSt></metadata>
